panel,status,scope,finding
fig2D,visually_consistent_after_correction,analytical_content; not pixel-identical full-page layout,Cloud geometry and selected recording agree visually. Standalone layout differs from the assembled page.
fig2E,visually_consistent_after_correction,analytical_content; not pixel-identical full-page layout,SDI/SVM bars and stars agree. Corrected panel label C to E.
fig2F,visually_consistent_after_correction,analytical_content; not pixel-identical full-page layout,Distance/variance bars and stars agree. Corrected panel label D to F.
fig3A,visually_consistent_after_correction,analytical_content; not pixel-identical full-page layout,Cloud geometry agrees. Stimulus thumbnails and full-page montage are not rebuilt.
fig3BCD,visually_consistent_after_correction,analytical_content; not pixel-identical full-page layout,Original variation tables: means and star pattern agree. Combined alpha/R/D output differs from page placement.
fig3E,visually_consistent_after_correction,analytical_content; not pixel-identical full-page layout,Original variation decoding: paired distribution and *** agree.
fig3F,visually_consistent_after_correction,analytical_content; not pixel-identical full-page layout,Restored Early/Late violin. Original script skips mismatched s2 pairs: 46 observations; *** agrees.
fig4BCD,visual_match_with_invalid_star_logic,analytical_content; not pixel-identical full-page layout,Bar means reproduce mixed inputs. WARNING: original stars share a stale p value; reference significance is not validated.
fig4E,visually_consistent_after_correction,analytical_content; not pixel-identical full-page layout,Restored original prototype decoding cache; ** and distribution agree.
fig4F,visually_consistent_after_correction,analytical_content; not pixel-identical full-page layout,Restored original global SDI cache; *** and distribution agree.
fig5B,visually_consistent_after_correction,analytical_content; not pixel-identical full-page layout,Means and Polar/Grating star agree. Errorbar/point structure matches visually.
fig5C,visually_consistent_after_correction,analytical_content; not pixel-identical full-page layout,"Means and *, ns, ***, ns agree. Individual dot jitter is not pixel-identical."
fig1A,not_regenerated,reference PDF only,Complete generation source has not been established; no equality claim.
fig1B,not_regenerated,reference PDF only,Complete generation source has not been established; no equality claim.
fig1C,not_regenerated,reference PDF only,Complete generation source has not been established; no equality claim.
fig1D,not_regenerated,reference PDF only,Complete generation source has not been established; no equality claim.
fig2A,not_regenerated,reference PDF only,Complete generation source has not been established; no equality claim.
fig2B,not_regenerated,reference PDF only,Complete generation source has not been established; no equality claim.
fig2C,not_regenerated,reference PDF only,Complete generation source has not been established; no equality claim.
fig2G,not_regenerated,reference PDF only,Complete generation source has not been established; no equality claim.
fig4A,not_regenerated,reference PDF only,Complete generation source has not been established; no equality claim.
fig5A,not_regenerated,reference PDF only,Complete generation source has not been established; no equality claim.
