pair_idx,session,monkey,early_SDI,late_SDI,delta
1,s1,M1,3.27275921755691,1.55595410082434,-1.71680511673256
2,s1,M1,2.88878254256897,1.3274774187461,-1.56130512382288
3,s1,M1,4.07850342677401,1.62391878647733,-2.45458464029668
4,s1,M1,3.33555166801722,1.3499704732747,-1.98558119474252
5,s1,M1,3.9058241506267,1.65507640869416,-2.25074774193254
6,s1,M1,2.95692415346029,0.771268013292649,-2.18565614016764
7,s3,M2,13.0347426078191,12.2847137989594,-0.750028808859755
8,s3,M2,9.30003082474856,9.76055280274094,0.460521977992379
9,s3,M2,11.3556391323205,11.0159789371925,-0.339660195128003
10,s3,M2,9.39681086640109,10.5958120696368,1.19900120323576
11,s3,M2,12.4852598686941,11.7641353247687,-0.721124543925354
12,s3,M2,6.87560771710383,7.41855172160942,0.542944004505595
13,s4,M2,2.66359338475287,2.35913770809073,-0.30445567666214
14,s4,M2,3.08228323223226,2.23818739649077,-0.844095835741482
15,s4,M2,2.30465008032654,1.76515739742091,-0.539492682905629
16,s4,M2,4.04128182610826,3.47803539759005,-0.563246428518208
17,s4,M2,4.15785471522832,2.76493155606048,-1.39292315916784
18,s4,M2,5.60409369274568,3.96281385063106,-1.64127984211463
19,s5,M2,6.23258549212807,4.82511225411907,-1.407473238009
20,s5,M2,8.66562710626518,8.13139739438012,-0.534229711885056
21,s5,M2,9.18094287969149,7.77559107248582,-1.40535180720567
22,s5,M2,8.48635630660207,7.99716552208244,-0.489190784519623
23,s5,M2,8.98744011029827,7.73345227693012,-1.25398783336815
24,s5,M2,1.6145584125842,1.1516469893569,-0.462911423227297
25,s5,M2,6.08197363736793,5.31620798078239,-0.765765656585547
26,s5,M2,7.01407886755837,5.40090879401528,-1.6131700735431
27,s5,M2,6.18289683385578,5.35641528494654,-0.826481548909239
28,s5,M2,6.13112217796531,5.35172668778723,-0.779395490178076
29,s5,M2,5.5101021741107,4.53950744087206,-0.970594733238633
30,s5,M2,1.62009448923617,1.07389311966393,-0.546201369572243
31,s5,M2,8.85093242019536,7.89407049825398,-0.956861921941376
32,s5,M2,8.66373676741274,7.85027281846555,-0.813463948947189
33,s5,M2,6.94298344116434,5.58643297539767,-1.35655046576667
34,s5,M2,7.21525803675834,7.20771447185768,-0.00754356490065522
35,s5,M2,7.66849947325441,7.76566652095553,0.0971670477011184
36,s5,M2,6.30217605528452,5.5886762972887,-0.713499757995819
37,s5,M2,7.00343046666893,6.08900556803548,-0.914424898633448
38,s5,M2,5.70944791548925,5.94172929248062,0.232281376991371
39,s5,M2,7.35006574774815,7.77630547586614,0.426239728117988
40,s5,M2,8.7818202868777,7.62929450661284,-1.15252578026486
41,s5,M2,9.21840768091247,7.71469841546021,-1.50370926545227
42,s5,M2,2.27927030496901,1.74967132015983,-0.529598984809179
43,s5,M2,2.03296806262671,1.43691596588711,-0.596052096739603
44,s5,M2,5.63247331668975,4.67696272376573,-0.95551059292402
45,s5,M2,8.88484552401372,7.79445657978499,-1.09038894422873
46,s5,M2,6.65262708647003,5.497707503523,-1.15491958294702
