pair_idx,session,monkey,early_acc,late_acc,delta
1,s1,M1,89.1716003417969,85.7638931274414,-3.40770721435547
2,s1,M1,92.9965400695801,89.3229122161865,-3.67362785339355
3,s1,M1,93.5647239685059,90.6249942779541,-2.93972969055176
4,s1,M1,89.5009803771973,88.4548645019531,-1.04611587524414
5,s1,M1,89.130428314209,82.8993091583252,-6.23111915588379
6,s1,M1,95.3063201904297,88.2812442779541,-7.02507591247559
7,s1,M1,90.8843879699707,91.40625,0.521862030029297
8,s1,M1,74.8764839172363,74.7395858764648,-0.136898040771484
9,s1,M1,93.2806358337402,85.4166660308838,-7.86396980285645
10,s1,M1,87.203556060791,84.8958339691162,-2.3077220916748
11,s2,M1,88.7500228881836,91.1111297607422,2.36110687255859
12,s2,M1,97.7777786254883,98.3333358764648,0.555557250976562
13,s2,M1,93.3333358764648,85.5555572509766,-7.77777862548828
14,s2,M1,99.0277786254883,98.3333282470703,-0.694450378417969
15,s2,M1,84.583366394043,80.833366394043,-3.75
16,s2,M1,70.5555572509766,70,-0.555557250976562
17,s2,M1,95,92.2222213745117,-2.77777862548828
18,s2,M1,76.1111145019531,81.6666641235352,5.55554962158203
19,s2,M1,83.8888854980469,93.3333358764648,9.44445037841797
20,s2,M1,79.4444427490234,80,0.555557250976562
21,s2,M1,98.8888854980469,100,1.11111450195312
22,s2,M1,100,100,0
23,s2,M1,100,100,0
24,s2,M1,100,98.8888854980469,-1.11111450195312
25,s2,M1,100,100,0
26,s3,M2,82.4561233520508,85.5153617858887,3.05923843383789
27,s3,M2,94.2982406616211,98.903507232666,4.60526657104492
28,s3,M2,92.9824523925781,99.2251434326172,6.24269104003906
29,s3,M2,94.7368316650391,98.1030654907227,3.36623382568359
30,s3,M2,91.8859558105469,96.7434196472168,4.85746383666992
31,s3,M2,64.4736785888672,64.7368431091309,0.263164520263672
32,s3,M2,83.7719268798828,85.6871299743652,1.91520309448242
33,s3,M2,95.1754379272461,91.4766082763672,-3.69882965087891
34,s3,M2,99.122802734375,98.5672492980957,-0.555553436279297
35,s3,M2,94.7368392944336,95.8187141418457,1.08187484741211
36,s3,M2,93.8596496582031,99.5614013671875,5.70175170898438
37,s3,M2,99.122802734375,100,0.877197265625
38,s3,M2,100,100,0
39,s3,M2,100,100,0
40,s3,M2,100,100,0
41,s4,M2,76.1904220581055,77.9513397216797,1.76091766357422
42,s4,M2,92.2619094848633,86.1111145019531,-6.15079498291016
43,s4,M2,89.8809585571289,84.0277862548828,-5.85317230224609
44,s4,M2,91.071403503418,88.4548263549805,-2.6165771484375
45,s4,M2,86.3095016479492,83.3332977294922,-2.97620391845703
46,s4,M2,86.3095245361328,80.5555648803711,-5.75395965576172
47,s4,M2,94.0476226806641,86.8055572509766,-7.2420654296875
48,s4,M2,96.4285736083984,91.6666717529297,-4.76190185546875
49,s4,M2,99.4047622680664,97.2222213745117,-2.18254089355469
50,s4,M2,69.6428756713867,68.0555648803711,-1.58731079101562
51,s4,M2,97.6190414428711,90.2777786254883,-7.34126281738281
52,s4,M2,100,98.6111068725586,-1.38889312744141
53,s4,M2,96.4285736083984,91.6666717529297,-4.76190185546875
54,s4,M2,96.4285736083984,100,3.57142639160156
55,s4,M2,96.4285736083984,93.0555572509766,-3.37301635742188
56,s5,M2,89.7222366333008,83.4722518920898,-6.24998474121094
57,s5,M2,85.5555572509766,82.2222213745117,-3.33333587646484
58,s5,M2,83.8888854980469,78.3333282470703,-5.55555725097656
59,s5,M2,93.3333129882812,85.5555038452148,-7.77780914306641
60,s5,M2,86.1111373901367,79.4444808959961,-6.66665649414062
61,s5,M2,84.4444427490234,78.8888854980469,-5.55555725097656
62,s5,M2,92.7777786254883,87.2222213745117,-5.55555725097656
63,s5,M2,98.3333358764648,90.5555572509766,-7.77777862548828
64,s5,M2,91.6666717529297,92.2222213745117,0.555549621582031
65,s5,M2,75,71.6666641235352,-3.33333587646484
66,s5,M2,100,100,0
67,s5,M2,100,98.8888854980469,-1.11111450195312
68,s5,M2,100,98.8888854980469,-1.11111450195312
69,s5,M2,98.8888854980469,100,1.11111450195312
70,s5,M2,100,100,0
