fr_file,session,kind,raw_filename,raw_found,neurons,trials,categories,stim_on_ms,stim_off_ms,cdt_fields,has_snr_field
data/s1/fr/global/FR_s1_global_040716.mat,s1,global,040716_3.mat,1,28,23,G;H;R;S;T,630,870,condition;starttime;stoptime;spikeElectrode;spikeUnit;spikeTimes;eventCodes;eventTimes,0
data/s1/fr/global/FR_s1_global_041216.mat,s1,global,041216_2.mat,1,33,3,G;H;R;S;T,630,870,condition;starttime;stoptime;spikeElectrode;spikeUnit;spikeTimes;eventCodes;eventTimes,0
data/s1/fr/global/FR_s1_global_041116.mat,s1,global,041116_2.mat,1,28,11,G;H;R;S;T,630,870,condition;starttime;stoptime;spikeElectrode;spikeUnit;spikeTimes;eventCodes;eventTimes,0
data/s1/fr/global/FR_s1_global_041416.mat,s1,global,041416_1.mat,1,31,12,G;H;R;S;T,630,870,condition;starttime;stoptime;spikeElectrode;spikeUnit;spikeTimes;eventCodes;eventTimes,0
data/s1/fr/global/FR_s1_global_041716.mat,s1,global,041716_1.mat,1,32,12,G;H;R;S;T,630,870,condition;starttime;stoptime;spikeElectrode;spikeUnit;spikeTimes;eventCodes;eventTimes,0
data/s1/fr/global/FR_s1_global_041816.mat,s1,global,041816_1.mat,1,36,12,G;H;R;S;T,630,870,condition;starttime;stoptime;spikeElectrode;spikeUnit;spikeTimes;eventCodes;eventTimes,0
data/s1/fr/global/FR_s1_global_041916.mat,s1,global,041916_1.mat,1,31,12,G;H;R;S;T,630,870,condition;starttime;stoptime;spikeElectrode;spikeUnit;spikeTimes;eventCodes;eventTimes,0
data/s1/fr/global/FR_s1_global_042016.mat,s1,global,042016_1.mat,1,34,12,G;H;R;S;T,630,870,condition;starttime;stoptime;spikeElectrode;spikeUnit;spikeTimes;eventCodes;eventTimes,0
data/s1/fr/global/FR_s1_global_042116.mat,s1,global,042116_1.mat,1,31,12,G;H;R;S;T,630,870,condition;starttime;stoptime;spikeElectrode;spikeUnit;spikeTimes;eventCodes;eventTimes,0
data/s1/fr/global/FR_s1_global_042416.mat,s1,global,042416_1.mat,1,32,12,G;H;R;S;T,630,870,condition;starttime;stoptime;spikeElectrode;spikeUnit;spikeTimes;eventCodes;eventTimes,0
data/s1/fr/global/FR_s1_global_042516.mat,s1,global,042516_1.mat,1,28,12,G;H;R;S;T,630,870,condition;starttime;stoptime;spikeElectrode;spikeUnit;spikeTimes;eventCodes;eventTimes,0
data/s2/fr/global/FR_s2_global_031217.mat,s2,global,031217_1.mat,1,28,15,G;H;R;S;T,630,870,condition;starttime;stoptime;spikeElectrode;spikeUnit;spikeTimes;eventCodes;eventTimes,0
data/s2/fr/global/FR_s2_global_031517.mat,s2,global,031517_1.mat,1,28,15,G;H;R;S;T,630,870,condition;starttime;stoptime;spikeElectrode;spikeUnit;spikeTimes;eventCodes;eventTimes,0
data/s2/fr/global/FR_s2_global_032317.mat,s2,global,032317_1.mat,1,28,15,G;H;R;S;T,630,870,condition;starttime;stoptime;spikeElectrode;spikeUnit;spikeTimes;eventCodes;eventTimes,0
data/s3/fr/global/FR_s3_global_071117.mat,s3,global,071117_5.mat,1,57,19,G;H;R;S;T,630,1000,condition;starttime;stoptime;spikeElectrode;spikeUnit;spikeTimes;eventCodes;eventTimes,0
data/s3/fr/global/FR_s3_global_071517.mat,s3,global,071517_5.mat,1,53,15,G;H;R;S;T,630,1000,condition;starttime;stoptime;spikeElectrode;spikeUnit;spikeTimes;eventCodes;eventTimes,0
data/s3/fr/global/FR_s3_global_071717.mat,s3,global,071717_5.mat,1,52,15,G;H;R;S;T,630,1000,condition;starttime;stoptime;spikeElectrode;spikeUnit;spikeTimes;eventCodes;eventTimes,0
data/s3/fr/global/FR_s3_global_072017.mat,s3,global,072017_1.mat,1,52,19,G;H;R;S;T,630,1000,condition;starttime;stoptime;spikeElectrode;spikeUnit;spikeTimes;eventCodes;eventTimes,0
data/s4/fr/global/FR_s4_global_092217.mat,s4,global,092217_4.mat,1,58,12,G;H;R;S;T,630,1000,condition;starttime;stoptime;spikeElectrode;spikeUnit;spikeTimes;eventCodes;eventTimes,0
data/s4/fr/global/FR_s4_global_092417.mat,s4,global,092417_3.mat,1,89,14,G;H;R;S;T,630,1000,condition;starttime;stoptime;spikeElectrode;spikeUnit;spikeTimes;eventCodes;eventTimes,0
data/s4/fr/global/FR_s4_global_092717.mat,s4,global,092717_4.mat,1,74,15,G;H;R;S;T,630,1000,condition;starttime;stoptime;spikeElectrode;spikeUnit;spikeTimes;eventCodes;eventTimes,0
data/s4/fr/global/FR_s4_global_092917.mat,s4,global,092917_4.mat,1,86,12,G;H;R;S;T,630,1000,condition;starttime;stoptime;spikeElectrode;spikeUnit;spikeTimes;eventCodes;eventTimes,0
data/s4/fr/global/FR_s4_global_100117.mat,s4,global,100117_4.mat,1,78,12,G;H;R;S;T,630,1000,condition;starttime;stoptime;spikeElectrode;spikeUnit;spikeTimes;eventCodes;eventTimes,0
data/s4/fr/global/FR_s4_global_100317.mat,s4,global,100317_2.mat,1,49,15,G;H;R;S;T,630,1000,condition;starttime;stoptime;spikeElectrode;spikeUnit;spikeTimes;eventCodes;eventTimes,0
data/s5/fr/global/FR_s5_global_081218.mat,s5,global,081218_1.mat,1,31,15,G;H;R;S;T,630,1000,condition;starttime;stoptime;spikeElectrode;spikeUnit;spikeTimes;eventCodes;eventTimes,0
data/s5/fr/global/FR_s5_global_081518.mat,s5,global,081518_3.mat,1,35,14,G;H;R;S;T,630,1000,condition;starttime;stoptime;spikeElectrode;spikeUnit;spikeTimes;eventCodes;eventTimes,0
data/s5/fr/global/FR_s5_global_081818.mat,s5,global,081818_1.mat,1,40,12,G;H;R;S;T,630,1000,condition;starttime;stoptime;spikeElectrode;spikeUnit;spikeTimes;eventCodes;eventTimes,0
data/s5/fr/global/FR_s5_global_082018.mat,s5,global,082018_1.mat,1,41,12,G;H;R;S;T,630,1000,condition;starttime;stoptime;spikeElectrode;spikeUnit;spikeTimes;eventCodes;eventTimes,0
data/s5/fr/global/FR_s5_global_082218.mat,s5,global,082218_1.mat,1,31,15,G;H;R;S;T,630,1000,condition;starttime;stoptime;spikeElectrode;spikeUnit;spikeTimes;eventCodes;eventTimes,0
data/s5/fr/global/FR_s5_global_082418.mat,s5,global,082418_1.mat,1,62,9,G;H;R;S;T,630,1000,condition;starttime;stoptime;spikeElectrode;spikeUnit;spikeTimes;eventCodes;eventTimes,0
