session,mode,date,raw_file,cumulative_training_exposures,stage,evidence_source
s1,var,041116,041116_1.mat,,,
s1,var,041216,041216_1.mat,,,
s1,var,041816,041816_2.mat,,,
s1,var,042716,042716_1.mat,,,
s1,var,042816,042816_1.mat,,,
s1,var,042916,042916_1.mat,,,
s1,global,040716,040716_3.mat,,,
s1,global,041116,041116_2.mat,,,
s1,global,041216,041216_2.mat,,,
s1,global,041416,041416_1.mat,,,
s1,global,041716,041716_1.mat,,,
s1,global,041816,041816_1.mat,,,
s1,global,041916,041916_1.mat,,,
s1,global,042016,042016_1.mat,,,
s1,global,042116,042116_1.mat,,,
s1,global,042416,042416_1.mat,,,
s1,global,042516,042516_1.mat,,,
s2,var,031617,031617_1.mat,,,
s2,var,031917,031917_1.mat,,,
s2,var,032217,032217_1.mat,,,
s2,global,031217,031217_1.mat,,,
s2,global,031517,031517_1.mat,,,
s2,global,032317,032317_1.mat,,,
s3,var,071217,071217_6.mat,,,
s3,var,071617,071617_6.mat,,,
s3,var,071917,071917_6.mat,,,
s3,var,072217,072217_6.mat,,,
s3,global,071117,071117_5.mat,,,
s3,global,071517,071517_5.mat,,,
s3,global,071717,071717_5.mat,,,
s3,global,072017,072017_1.mat,,,
s4,var,092817,092817_4.mat,,,
s4,var,093017,093017_5.mat,,,
s4,var,100217,100217_3.mat,,,
s4,global,092217,092217_4.mat,,,
s4,global,092417,092417_3.mat,,,
s4,global,092717,092717_4.mat,,,
s4,global,092917,092917_4.mat,,,
s4,global,100117,100117_4.mat,,,
s4,global,100317,100317_2.mat,,,
s5,var,081318,081318_23.mat,,,
s5,var,081518,081518_45.mat,,,
s5,var,081718,081718_1.mat,,,
s5,var,082018,082018_2.mat,,,
s5,var,082218,082218_23.mat,,,
s5,var,082418,082418_3.mat,,,
s5,global,081218,081218_1.mat,,,
s5,global,081518,081518_3.mat,,,
s5,global,081818,081818_1.mat,,,
s5,global,082018,082018_1.mat,,,
s5,global,082218,082218_1.mat,,,
s5,global,082418,082418_1.mat,,,
